id,name,model_id:id,group_id:id,perm_read,perm_write,perm_create,perm_unlink
access_hospital_patient,access.hospital.patient,model_hospital_patient,om_hospital.group_hospital_patient,1,0,0,0
access_hospital_doctor,access.hospital.doctor,model_hospital_doctor,om_hospital.group_hospital_doctor,1,0,0,0
access_hospital_appointment,access.hospital.appointment,model_hospital_appointment,om_hospital.group_hospital_receptionist,1,1,1,1
access_hospital_appointment_line,access.hospital.appointment_line,model_hospital_appointment_line,om_hospital.group_hospital_receptionist,1,1,1,1
access_hospital_patient_admin,access.hospital.patient,model_hospital_patient,om_hospital.group_hospital_admin,1,1,1,1
access_hospital_doctor_admin,access.hospital.doctor,model_hospital_doctor,om_hospital.group_hospital_admin,1,1,1,1
access_hospital_appointment_admin,access.hospital.appointment,model_hospital_appointment,om_hospital.group_hospital_admin,1,1,1,1
access_hospital_appointment_line_admin,access.hospital.appointment_line,model_hospital_appointment_line,om_hospital.group_hospital_admin,1,1,1,1
