<?xml version="1.0" encoding="utf-8"?>
<odoo>
    <record id="module_category_hospital" model="ir.module.category">
        <field name="name">Hospital</field>
        <field name="sequence">10</field>
    </record>

    <record id="group_hospital_admin" model="res.groups">
        <field name="name">Admin</field>
        <field name="category_id" ref="module_category_hospital"/>
        <field name="implied_ids" eval="[
        (4, ref('om_hospital.group_hospital_admin'))]"/>
    </record>

    <record id="group_hospital_receptionist" model="res.groups">
        <field name="name">Receptionist</field>
        <field name="category_id" ref="module_category_hospital"/>
        <field name="implied_ids" eval="[(4, ref('om_hospital.group_hospital_receptionist'))]"/>
    </record>

    <record id="group_hospital_doctor" model="res.groups">
        <field name="name">Doctor</field>
        <field name="category_id" ref="module_category_hospital"/>
        <field name="implied_ids" eval="[(4, ref('om_hospital.group_hospital_doctor'))]"/>
    </record>

    <record id="group_hospital_patient" model="res.groups">
        <field name="name">Patient</field>
        <field name="category_id" ref="module_category_hospital"/>
        <field name="implied_ids" eval="[(4, ref('om_hospital.group_hospital_patient'))]"/>
    </record>

    <record id="hospital_patient_rule" model="ir.rule">
        <field name="name">Hospital Patient</field>
        <field name="model_id" ref="model_hospital_patient"/>
        <field name="groups" eval="[(4, ref('om_hospital.group_hospital_patient'))]"/>
        <field name="domain_force">
            [(1, '=', 1)]

        </field>
    </record>

    <record id="group_employee_restricted_access_menu" model="res.groups">
        <field name="name">Employee Restricted Access</field>
        <field name="category_id" ref="module_category_hospital"/>
    </record>
    <menuitem
            id="hr.hr_menu_hr_reports"
            name="Reporting"
            parent="hr.menu_hr_root"
            sequence="95"
            groups="om_hospital.group_employee_restricted_access_menu"/>

    <menuitem
            id="hr.menu_human_resources_configuration"
            name="Configuration"
            parent="hr.menu_hr_root"
            sequence="100"
            groups="om_hospital.group_employee_restricted_access_menu"/>


    <!-- Add security rule for Employee module configuration -->
    <!--    <record id="hr_menu_configuration_rule" model="ir.rule">-->
    <!--        <field name="name">Hide HR Configuration</field>-->
    <!--        <field name="model_id" ref="hr.model_hr_employee"/>-->
    <!--        <field name="groups" eval="[(4, ref('om_hospital.group_employee_restricted_access_menu'))]"/>-->
    <!--        <field name="domain_force">[(1, '=', 1)]</field>-->
    <!--    </record>-->

    <!--    <record id="hr_menu_reporting_rule" model="ir.rule">-->
    <!--        <field name="name">Hide HR Reporting</field>-->
    <!--        <field name="model_id" ref="hr.model_hr_employee"/>-->
    <!--        <field name="groups" eval="[(4, ref('om_hospital.group_employee_restricted_access_menu'))]"/>-->
    <!--        <field name="domain_force">[(1, '=', 1)]</field>-->
    <!--    </record>-->


<!--    <record id="hide_department_menu_rule" model="ir.rule">-->
<!--        <field name="name">Hide Departments for Employees</field>-->
<!--        <field name="model_id" ref="hr.model_hr_department"/>-->
<!--        <field name="domain_force">[('id', '=', False)]</field>-->
<!--        <field name="groups" eval="[(4, ref('om_hospital.group_employee_restricted_access_menu'))]"/>-->
<!--    </record>-->




</odoo>